200,Alberto,Garcia,albertogarciafigueroam@gmail.com,merida,01PA03,Alberto,Garcia,
201,Roger Emmanuel ,García Pérez ,roger_g.p@hotmail.com,merida,01PA03,Roger Emmanuel ,García Pérez ,
202,María de la Cruz ,Couoh Hau ,cruz_couoh@hotmail.com,merida,01PA03,María de la Cruz ,Couoh Hau ,
204,CINDY SELENE,MAY HERRERA,cindys_m25@hotmail.com,merida,01PA03,CINDY SELENE,MAY HERRERA,
205,Luis Jorge,Uicab Azcorra,luisjorgeui@hotmail.com,merida,01PA03,Luis Jorge,Uicab Azcorra,
206,Julio Roberto,Chi Keb,roberto.chi@correo.uady.mx,merida,01PA03,Julio Roberto,Chi Keb,
